ID;Kasutusotstarve;Kasutusotstarve_ID;Maakond;KOV;KOV_voi_LinnaOsa;Esmane_Kasutuselevotu_Aasta;Ajastu;Aeg;Hooneosade_Arv;Hooneosade_Arv_Normaliseeritud;Ruumide_Arv;Rummide_arv_vannitoata;Maksimaalne_Korruste_Arv;Liftid;Trepikodade_Arv;MaaAluste_Korruste_Arv;Korgus;Korgus_Umardatud
125;Muu kolme või enama korteriga elamu;11222;Harju maakond; Tallinn; Põhja-Tallinna linnaosa;1957;1951-1960;1950-1980;8;10;34;26;2;0;1;0;11;11
TP41;Muu kolme või enama korteriga elamu;11222;Harju maakond; Tallinn; Kesklinna linnaosa;1914;1981-1990;<1950;4;0;20;16;2;0;2;1;8,0;8,0
40;Muu kolme või enama korteriga elamu;11222;Võru maakond; Võru linn; Võru linn;1954;1951-1960;1950-1980;8;10;34;26;2;0;1;0;10,8;11
174;Muu kolme või enama korteriga elamu;11222;Harju maakond; Tallinn; Põhja-Tallinna linnaosa;1943;1941-1950;<1950;8;10;36;28;2;0;1;1;10,5;10,5
130;Muu kolme või enama korteriga elamu;11222;Valga maakond; Otepää vald; Otepää linn;1954;1951-1960;1950-1980;4;0;14;10;2;0;1;0;7,1;7
243;Muu kolme või enama korteriga elamu;11222;Tartu maakond; Tartu linn; Tartu linn;1939;1931-1940;<1950;6;10;40;34;3;0;1;1;11;11
290;Muu kolme või enama korteriga elamu;11222;Harju maakond; Tallinn; Kesklinna linnaosa;1912;1911-1920;<1950;5;10;29;24;2;0;2;1;12,4;12,5
221;Muu kolme või enama korteriga elamu;11222;Harju maakond; Tallinn; Kesklinna linnaosa;1949;1941-1950;<1950;5;10;20;15;3;0;1;1;10,7;10,5
185;Muu kolme või enama korteriga elamu;11222;Harju maakond; Tallinn; Kesklinna linnaosa;1927;1921-1930;<1950;12;10;55;43;3;0;2;1;12,4;12,5
354;Muu kolme või enama korteriga elamu;11222;Harju maakond; Tallinn; Nõmme linnaosa;1926;1921-1930;<1950;7;10;31;24;2;0;2;1;8,4;8,5
10;Muu kolme või enama korteriga elamu;11222;Harju maakond; Tallinn; Mustamäe linnaosa;1967;1961-1970;1950-1980;90;90;400;310;5;0;6;1;15,4;15,5
14;Muu kolme või enama korteriga elamu;11222;Harju maakond; Keila linn; Keila linn;1988;1981-1990;>1980;60;60;240;180;5;0;4;1;16,2;16
19;Muu kolme või enama korteriga elamu;11222;Harju maakond; Tallinn; Haabersti linnaosa;1975;1971-1980;1950-1980;30;30;120;90;5;0;2;1;15,6;15,5
50;Muu kolme või enama korteriga elamu;11222;Lääne-Viru maakond; Rakvere linn; Rakvere linn;1973;1971-1980;1950-1980;60;60;240;180;5;0;4;1;15,8;16
54;Muu kolme või enama korteriga elamu;11222;Harju maakond; Tallinn; Mustamäe linnaosa;1968;1961-1970;1950-1980;89;90;396;307;5;0;6;1;14,8;15
56;Muu kolme või enama korteriga elamu;11222;Tartu maakond; Elva vald; Elva linn;1987;1981-1990;>1980;46;50;216;170;5;0;8;1;16,1;16
62;Muu kolme või enama korteriga elamu;11222;Harju maakond; Harku vald; Tabasalu alevik;1974;1971-1980;1950-1980;60;60;240;180;5;0;4;1;15,8;16
85;Muu kolme või enama korteriga elamu;11222;Harju maakond; Jõelähtme vald; Kostivere alevik;1977;1971-1980;1950-1980;60;60;240;180;5;0;4;1;15,7;15,5
91;Muu kolme või enama korteriga elamu;11222;Valga maakond; Tõrva vald; Tõrva linn;1972;1971-1980;1950-1980;32;30;156;124;4;0;4;1;12;12
92;Muu kolme või enama korteriga elamu;11222;Harju maakond; Tallinn; Mustamäe linnaosa;1972;1971-1980;1950-1980;72;70;323;251;9;2;2;1;26;26
96;Muu kolme või enama korteriga elamu;11222;Rapla maakond; Rapla vald; Rapla linn;1982;1981-1990;>1980;45;50;180;135;5;0;3;1;14,3;14,5
113;Muu kolme või enama korteriga elamu;11222;Harju maakond; Tallinn; Mustamäe linnaosa;1966;1961-1970;1950-1980;90;90;398;308;5;0;6;1;15,5;15,5
114;Muu kolme või enama korteriga elamu;11222;Harju maakond; Tallinn; Mustamäe linnaosa;1968;1961-1970;1950-1980;59;60;238;179;5;0;4;1;15,6;15,5
115;Muu kolme või enama korteriga elamu;11222;Harju maakond; Tallinn; Mustamäe linnaosa;1968;1961-1970;1950-1980;60;60;240;180;5;0;4;1;15,6;15,5
120;Muu kolme või enama korteriga elamu;11222;Lääne-Viru maakond; Rakvere linn; Rakvere linn;1973;1971-1980;1950-1980;30;30;120;90;5;0;4;1;15,7;15,5
120;Muu kolme või enama korteriga elamu;11222;Lääne-Viru maakond; Rakvere linn; Rakvere linn;1973;1971-1980;1950-1980;30;30;120;90;5;0;4;1;15,7;15,5
148;Muu kolme või enama korteriga elamu;11222;Tartu maakond; Tartu linn; Tartu linn;1972;1971-1980;1950-1980;144;140;649;505;9;4;4;1;26,8;27
154;Muu kolme või enama korteriga elamu;11222;Harju maakond; Jõelähtme vald; Kostivere alevik;1972;1971-1980;1950-1980;36;40;144;108;3;0;4;1;10,3;10,5
158;Muu kolme või enama korteriga elamu;11222;Rapla maakond; Kohila vald; Kohila alev;1990;1981-1990;>1980;60;60;240;180;5;0;5;1;15,5;15,5
176;Muu kolme või enama korteriga elamu;11222;Harju maakond; Tallinn; Mustamäe linnaosa;1970;1961-1970;1950-1980;89;90;377;288;5;0;6;1;18;18
194;Muu kolme või enama korteriga elamu;11222;Harju maakond; Tallinn; Haabersti linnaosa;1975;1971-1980;1950-1980;144;140;612;468;9;4;4;1;29,4;29,5
197;Muu kolme või enama korteriga elamu;11222;Harju maakond; Tallinn; Mustamäe linnaosa;1970;1961-1970;1950-1980;89;90;378;289;5;0;6;1;17,6;17,5
199;Muu kolme või enama korteriga elamu;12201;Lääne-Viru maakond; Rakvere linn; Rakvere linn;1971;1971-1980;1950-1980;61;60;239;178;5;0;4;1;15,6;15,5
200;Muu kolme või enama korteriga elamu;11222;Harju maakond; Tallinn; Põhja-Tallinna linnaosa;1973;1971-1980;1950-1980;72;70;306;234;9;2;2;1;26,5;26,5
203;Muu kolme või enama korteriga elamu;11222;Harju maakond; Tallinn; Haabersti linnaosa;1977;1971-1980;1950-1980;72;70;306;234;9;2;2;1;26,6;26,5
210;Muu kolme või enama korteriga elamu;11222;Harju maakond; Keila linn; Keila linn;1986;1981-1990;>1980;60;60;240;180;5;0;4;1;15,8;16
223;Muu kolme või enama korteriga elamu;11222;Harju maakond; Saue vald; Laagri alevik;1979;1971-1980;1950-1980;60;60;240;180;5;0;4;1;16,2;16
232;Muu kolme või enama korteriga elamu;11222;Lääne-Viru maakond; Rakvere linn; Rakvere linn;1975;1971-1980;1950-1980;30;30;120;90;5;0;2;1;14,4;14,5
236;Muu kolme või enama korteriga elamu;11222;Harju maakond; Tallinn; Nõmme linnaosa;1973;1971-1980;1950-1980;18;20;85;67;3;0;3;1;11,4;11,5
247;Muu kolme või enama korteriga elamu;11222;Harju maakond; Tallinn; Mustamäe linnaosa;1971;1971-1980;1950-1980;60;60;240;180;5;0;4;1;15,7;15,5
264;Muu kolme või enama korteriga elamu;11222;Lääne-Viru maakond; Vinni vald; Vinni alevik;1969;1961-1970;1950-1980;60;60;240;180;5;0;4;1;15;15
270;Muu kolme või enama korteriga elamu;11222;Harju maakond; Tallinn; Kristiine linnaosa;1974;1971-1980;1950-1980;72;70;306;234;9;2;2;1;28,7;28,5
271;Muu kolme või enama korteriga elamu;11222;Harju maakond; Tallinn; Kristiine linnaosa;1974;1971-1980;1950-1980;143;140;609;466;9;4;4;1;29,4;29,5
281;Muu kolme või enama korteriga elamu;11222;Harju maakond; Tallinn; Põhja-Tallinna linnaosa;1972;1971-1980;1950-1980;264;260;282;18;7;2;2;1;24,9;25
285;Muu kolme või enama korteriga elamu;11222;Harju maakond; Tallinn; Mustamäe linnaosa;1965;1961-1970;1950-1980;90;90;401;311;5;0;6;1;15,6;15,5
288;Muu kolme või enama korteriga elamu;12339;Lääne-Viru maakond; Rakvere linn; Rakvere linn;1966;1961-1970;1950-1980;60;60;240;180;5;0;4;1;15,8;16
292;Muu kolme või enama korteriga elamu;11222;Rapla maakond; Rapla vald; Rapla linn;1972;1971-1980;1950-1980;60;60;241;181;5;0;4;1;15,6;15,5
299;Muu kolme või enama korteriga elamu;11222;Harju maakond; Tallinn; Mustamäe linnaosa;1971;1971-1980;1950-1980;60;60;238;178;5;0;4;1;15,7;15,5
302;Muu kolme või enama korteriga elamu;11222;Harju maakond; Saue vald; Laagri alevik;1992;1991-2000;>1980;18;20;99;81;3;0;3;1;14,4;14,5
309;Muu kolme või enama korteriga elamu;11222;Harju maakond; Harku vald; Tabasalu alevik;1973;1971-1980;1950-1980;32;30;140;108;3;0;5;1;10,2;10
315;Muu kolme või enama korteriga elamu;11222;Harju maakond; Jõelähtme vald; Loo alevik;1969;1961-1970;1950-1980;60;60;238;178;5;0;4;1;15;15
321;Muu kolme või enama korteriga elamu;11222;Rapla maakond; Rapla vald; Rapla linn;1988;1981-1990;>1980;60;60;240;180;5;0;4;1;15,9;16
333;Muu kolme või enama korteriga elamu;11222;Harju maakond; Saue vald; Saue linn;1972;1971-1980;1950-1980;29;30;138;109;5;0;2;1;15,1;15
334;Muu kolme või enama korteriga elamu;11222;Harju maakond; Saue vald; Saue linn;1970;1961-1970;1950-1980;30;30;140;110;5;0;2;1;15,5;15,5
335;Muu kolme või enama korteriga elamu;11222;Harju maakond; Saue vald; Saue linn;1970;1961-1970;1950-1980;30;30;140;110;5;0;2;1;15,5;15,5
345;Muu kolme või enama korteriga elamu;11222;Harju maakond; Harku vald; Tabasalu alevik;1969;1961-1970;1950-1980;35;40;143;108;3;0;4;1;10,2;10
352;Muu kolme või enama korteriga elamu;11222;Tartu maakond; Kambja vald; Räni alevik;1975;1971-1980;1950-1980;90;90;360;270;5;0;6;1;15,5;15,5
355;Muu kolme või enama korteriga elamu;11222;Harju maakond; Tallinn; Haabersti linnaosa;1979;1971-1980;1950-1980;72;70;306;234;9;2;2;1;26,5;26,5
358;Muu kolme või enama korteriga elamu;11222;Harju maakond; Tallinn; Mustamäe linnaosa;1964;1961-1970;1950-1980;40;40;150;110;5;0;2;1;15,1;15
367;Muu kolme või enama korteriga elamu;11222;Harju maakond; Tallinn; Mustamäe linnaosa;1971;1971-1980;1950-1980;88;90;376;288;5;0;6;1;15,6;15,5
370;Muu kolme või enama korteriga elamu;12201;Tartu maakond; Tartu linn; Tartu linn;1971;1971-1980;1950-1980;119;120;510;391;5;0;8;1;15,6;15,5
376;Muu kolme või enama korteriga elamu;11222;Harju maakond; Tallinn; Mustamäe linnaosa;1965;1961-1970;1950-1980;60;60;240;180;5;0;4;1;15;15
380;Muu kolme või enama korteriga elamu;11222;Harju maakond; Saku vald; Saku alevik;1977;1971-1980;1950-1980;60;60;240;180;5;0;4;1;15,9;16
382;Muu kolme või enama korteriga elamu;11222;Harju maakond; Tallinn; Põhja-Tallinna linnaosa;1966;1961-1970;1950-1980;90;90;398;308;5;0;6;1;15,6;15,5
391;Muu kolme või enama korteriga elamu;11222;Harju maakond; Saku vald; Saku alevik;1981;1981-1990;>1980;60;60;240;180;5;0;4;1;15;15
TP22;Muu kolme või enama korteriga elamu;11222;Harju maakond; Keila linn; Keila linn;1982 (2019);1981-1990;>1980;60;60;241;181;5;0;4;1;15,8;16
TP23;Muu kolme või enama korteriga elamu;11222;Tartu maakond; Elva vald; Puhja alevik;1973 (2019);1971-1980;>1980;36;40;144;108;3;0;4;1;10,1;10
TP24;Muu kolme või enama korteriga elamu;11222;Tartu maakond; Elva vald; Puhja alevik;1973 (2019);1971-1980;>1980;36;40;144;108;3;0;4;1;10,1;10
TP25;Muu kolme või enama korteriga elamu;11222;Tartu maakond; Elva vald; Puhja alevik;1973 (2019);1971-1980;>1980;36;40;144;108;3;0;4;1;10,1;10
TP26;Muu kolme või enama korteriga elamu;11222;Tartu maakond; Elva vald; Puhja alevik;1973 (2019);1971-1980;>1980;36;40;144;108;3;0;4;1;10,1;10
294;Muu kolme või enama korteriga elamu;12721;Rapla maakond; Märjamaa vald; Märjamaa alev;1981;1981-1990;>1980;34;30;124;90;3;0;1;1;10,3;10,5
388;Muu kolme või enama korteriga elamu;11222;Harju maakond; Keila linn; Keila linn;1979;1971-1980;1950-1980;6;10;27;21;3;0;1;1;10,4;10,5
11;Muu kolme või enama korteriga elamu;11222;Harju maakond; Tallinn; Nõmme linnaosa;1962;1961-1970;1950-1980;18;20;72;54;3;0;2;1;11,3;11,5
157;Muu kolme või enama korteriga elamu;11222;Harju maakond; Tallinn; Põhja-Tallinna linnaosa;1962;1961-1970;1950-1980;32;30;136;104;4;0;2;1;15,3;15,5
69;Muu kolme või enama korteriga elamu;11222;Harju maakond; Tallinn; Nõmme linnaosa;1965;1961-1970;1950-1980;16;20;67;51;2;0;2;1;7,3;7,5
342;Muu kolme või enama korteriga elamu;11222;Pärnu maakond; Tori vald; Sauga alevik;1983;1981-1990;>1980;12;10;60;48;3;0;2;1;12;12
220;Muu kolme või enama korteriga elamu;11222;Tartu maakond; Tartu linn; Tartu linn;1966;1961-1970;1950-1980;40;40;170;130;5;0;2;1;16,3;16,5
324;Muu kolme või enama korteriga elamu;11222;Tartu maakond; Tartu linn; Tartu linn;1964;1961-1970;1950-1980;32;30;136;104;4;0;2;1;13,5;13,5
214;Muu kolme või enama korteriga elamu;11222;Tartu maakond; Tartu linn; Tartu linn;1965;1961-1970;1950-1980;40;40;170;130;5;0;2;1;16,8;17
37;Muu kolme või enama korteriga elamu;11222;Tartu maakond; Tartu linn; Haage küla;1989;1981-1990;>1980;12;10;63;51;3;0;2;1;10,3;10,5
64;Muu kolme või enama korteriga elamu;11222;Lääne maakond; Haapsalu linn; Uuemõisa alevik;1988;1981-1990;>1980;12;10;60;48;3;0;2;1;11,7;11,5
75;Muu kolme või enama korteriga elamu;12744;Lääne maakond; Haapsalu linn; Uuemõisa alevik;1987;1981-1990;>1980;12;10;52;40;3;0;2;1;10,7;10,5
341;Muu kolme või enama korteriga elamu;11222;Lääne maakond; Lääne-Nigula vald; Risti alevik;1987;1981-1990;>1980;12;10;51;39;3;0;2;1;13,1;13
147;Muu kolme või enama korteriga elamu;11222;Lääne-Viru maakond; Vinni vald; Vinni alevik;1986;1981-1990;>1980;12;10;64;52;3;0;2;1;11;11
142;Muu kolme või enama korteriga elamu;11222;Rapla maakond; Rapla vald; Kuimetsa küla;1987;1981-1990;>1980;12;10;52;40;3;0;2;1;12,6;12,5
187;Muu kolme või enama korteriga elamu;11222;Põlva maakond; Põlva vald; Põlva linn;1992;1991-2000;>1980;12;10;66;54;3;0;2;1;11,8;12
70;Muu kolme või enama korteriga elamu;11222;Valga maakond; Tõrva vald; Helme alevik;1983;1981-1990;>1980;12;10;51;39;3;0;2;1;10,6;10,5
172;Muu kolme või enama korteriga elamu;11222;Valga maakond; Tõrva vald; Tõrva linn;1971;1971-1980;1950-1980;12;10;60;48;3;0;2;1;12;12
375;Muu kolme või enama korteriga elamu;11222;Valga maakond; Otepää vald; Puka alevik;1985;1981-1990;>1980;12;10;60;48;3;0;2;1;12;12
58;Muu kolme või enama korteriga elamu;11222;Jõgeva maakond; Põltsamaa vald; Põltsamaa linn;1983;1981-1990;>1980;8;10;44;36;2;0;2;1;8,2;8
52;Muu kolme või enama korteriga elamu;11222;Jõgeva maakond; Põltsamaa vald; Põltsamaa linn;1977;1971-1980;1950-1980;8;10;44;36;2;0;2;1;6,5;6,5
59;Muu kolme või enama korteriga elamu;11222;Jõgeva maakond; Jõgeva vald; Sadala alevik;1982;1981-1990;>1980;12;10;64;52;3;0;2;1;12;12
36;Muu kolme või enama korteriga elamu;11222;Harju maakond; Harku vald; Harkujärve küla;1988;1981-1990;>1980;8;10;34;26;2;0;2;1;8,2;8
93;Muu kolme või enama korteriga elamu;11222;Harju maakond; Kose vald; Kose alevik;1972;1971-1980;1950-1980;18;20;72;54;3;0;2;1;12;12
179;Muu kolme või enama korteriga elamu;11222;Harju maakond; Kose vald; Kose alevik;1992;1991-2000;>1980;12;10;52;40;3;0;2;1;12,2;12
105;Muu kolme või enama korteriga elamu;11222;Harju maakond; Kose vald; Kose alevik;1974;1971-1980;1950-1980;15;20;66;51;3;0;2;1;11,1;11
106;Muu kolme või enama korteriga elamu;11222;Harju maakond; Kose vald; Kose alevik;1974;1971-1980;1950-1980;15;20;66;51;3;0;2;1;11,1;11
132;Muu kolme või enama korteriga elamu;11222;Harju maakond; Raasiku vald; Aruküla alevik;1976;1971-1980;1950-1980;8;10;44;36;2;0;2;1;7,6;7,5
133;Muu kolme või enama korteriga elamu;11222;Harju maakond; Raasiku vald; Aruküla alevik;1976;1971-1980;1950-1980;8;10;44;36;2;0;2;1;7,6;7,5
274;Muu kolme või enama korteriga elamu;11222;Harju maakond; Kose vald; Oru küla;1987;1981-1990;>1980;12;10;64;52;3;0;2;1;11,2;11
44;Muu kolme või enama korteriga elamu;11222;Harju maakond; Saue vald; Riisipere alevik;1973;1971-1980;1950-1980;18;20;72;54;3;0;2;1;11,8;12
180;Muu kolme või enama korteriga elamu;11222;Harju maakond; Kose vald; Kose alevik;1992;1991-2000;>1980;12;10;52;40;3;0;2;1;12,2;12
242;Muu kolme või enama korteriga elamu;11222;Harju maakond; Tallinn; Kesklinna linnaosa;1963;1961-1970;1950-1980;60;60;255;195;5;0;3;1;17,9;18
279;Muu kolme või enama korteriga elamu;11222;Ida-Viru maakond; Jõhvi vald; Jõhvi linn;1988;1981-1990;>1980;24;20;105;81;3;0;3;1;11,5;11,5
144;Muu kolme või enama korteriga elamu;11222;Pärnu maakond; Pärnu linn; Pärnu linn;1964;1961-1970;1950-1980;48;50;204;156;4;0;3;1;15;15
128;Muu kolme või enama korteriga elamu;11222;Pärnu maakond; Tori vald; Sauga alevik;1984;1981-1990;>1980;12;10;55;43;2;0;3;1;9,2;9
168;Muu kolme või enama korteriga elamu;11222;Pärnu maakond; Pärnu linn; Tõstamaa alevik;1975;1971-1980;1950-1980;18;20;87;69;3;0;3;1;10,7;10,5
TP27;Muu kolme või enama korteriga elamu;11222;Pärnu maakond; Pärnu linn; Pärnu linn;1980;1971-1980;1950-1980;40;40;107;80;3;0;3;0;9;9
350;Muu kolme või enama korteriga elamu;11222;Tartu maakond; Tartu linn; Tartu linn;1963;1961-1970;1950-1980;34;30;136;102;4;0;3;1;15;15
77;Muu kolme või enama korteriga elamu;11222;Tartu maakond; Tartu vald; Kõrveküla alevik;1987;1981-1990;>1980;18;20;85;67;3;0;3;1;13,1;13
228;Muu kolme või enama korteriga elamu;11222;Tartu maakond; Tartu linn; Tartu linn;1988;1981-1990;>1980;15;20;61;46;3;0;3;1;9,7;9,5
32;Muu kolme või enama korteriga elamu;11222;Tartu maakond; Elva vald; Elva linn;1975;1971-1980;1950-1980;18;20;87;69;3;0;3;1;10,6;10,5
364;Muu kolme või enama korteriga elamu;12339;Tartu maakond; Tartu linn; Tartu linn;1961;1961-1970;1950-1980;44;40;160;116;4;0;3;1;16,1;16
213;Muu kolme või enama korteriga elamu;11222;Saare maakond; Saaremaa vald; Kuressaare linn;1988;1981-1990;>1980;18;20;84;66;3;0;3;1;10;10
162;Muu kolme või enama korteriga elamu;11222;Saare maakond; Saaremaa vald; Valjala alevik;1976;1971-1980;1950-1980;18;20;87;69;3;0;3;1;10,6;10,5
337;Muu kolme või enama korteriga elamu;11222;Lääne-Viru maakond; Rakvere linn; Rakvere linn;1974;1971-1980;1950-1980;24;20;134;110;4;0;3;1;13,1;13
TP14;Muu kolme või enama korteriga elamu;11222;Lääne-Viru maakond; Rakvere linn; Rakvere linn;1968;1961-1970;1950-1980;38;40;161;123;4;0;3;1;16,2;16
TP20;Muu kolme või enama korteriga elamu;11222;Lääne-Viru maakond; Rakvere linn; Rakvere linn;1986;1981-1990;>1980;27;30;123;96;3;0;3;0;9,8;10
204;Muu kolme või enama korteriga elamu;11222;Lääne-Viru maakond; Rakvere linn; Rakvere linn;1989;1981-1990;>1980;27;30;110;83;3;0;3;1;11,3;11,5
360;Muu kolme või enama korteriga elamu;11222;Lääne-Viru maakond; Rakvere linn; Rakvere linn;1966;1961-1970;1950-1980;48;50;204;156;4;0;3;1;14,7;14,5
TP30;Muu kolme või enama korteriga elamu;11222;Lääne-Viru maakond; Rakvere vald; Sõmeru alevik;1973;1971-1980;1950-1980;27;30;108;81;3;0;3;1;11,3;11,5
153;Muu kolme või enama korteriga elamu;11222;Lääne-Viru maakond; Rakvere vald; Sõmeru alevik;1986;1981-1990;>1980;18;20;84;66;3;0;3;1;11,3;11,5
368;Muu kolme või enama korteriga elamu;11222;Lääne-Viru maakond; Vinni vald; Piira küla;1982;1981-1990;>1980;21;20;105;84;3;0;3;1;13;13
161;Muu kolme või enama korteriga elamu;11222;Lääne-Viru maakond; Vinni vald; Roela alevik;1972;1971-1980;1950-1980;12;10;48;36;2;0;3;1;9,7;9,5
2;Muu kolme või enama korteriga elamu;11222;Rapla maakond; Rapla vald; Rapla linn;1967;1961-1970;1950-1980;48;50;204;156;4;0;3;1;12;12
TP16;Muu kolme või enama korteriga elamu;11222;Rapla maakond; Märjamaa vald; Kasti küla;1982;1981-1990;>1980;18;20;84;66;3;0;3;0;10,2;10
150;Muu kolme või enama korteriga elamu;11222;Põlva maakond; Põlva vald; Põlva linn;1972;1971-1980;1950-1980;36;40;144;108;4;0;3;1;15,3;15,5
163;Muu kolme või enama korteriga elamu;11222;Valga maakond; Tõrva vald; Tõrva linn;1971;1971-1980;1950-1980;18;20;87;69;3;0;3;1;10;10
182;Muu kolme või enama korteriga elamu;11222;Valga maakond; Tõrva vald; Tõrva linn;1965;1961-1970;1950-1980;12;10;47;35;2;0;3;1;8,6;8,5
TP21;Muu kolme või enama korteriga elamu;11222;Valga maakond; Tõrva vald; Tõrva linn;1971 (2019);1971-1980;>1980;12;10;48;36;2;0;3;1;8,9;9
170;Muu kolme või enama korteriga elamu;11222;Valga maakond; Tõrva vald; Tõrva linn;1989;1981-1990;>1980;24;20;113;89;4;0;3;1;13;13
167;Muu kolme või enama korteriga elamu;11222;Viljandi maakond; Põhja-Sakala vald; Suure-Jaani linn;1999;1991-2000;>1980;12;10;64;52;2;0;3;1;8,3;8,5
TP35;Muu kolme või enama korteriga elamu;11222;Viljandi maakond; Viljandi linn; Viljandi linn;1982;1981-1990;>1980;18;20;87;69;3;0;3;1;9,8;10
67;Muu kolme või enama korteriga elamu;11222;Viljandi maakond; Viljandi linn; Viljandi linn;1982;1981-1990;>1980;18;20;84;66;3;0;3;1;10,5;10,5
TP31;Muu kolme või enama korteriga elamu;11222;Viljandi maakond; Viljandi vald; Päri küla;1973 (2017);1971-1980;>1980;12;10;58;46;2;0;3;0;7,6;7,5
60;Muu kolme või enama korteriga elamu;11222;Jõgeva maakond; Jõgeva vald; Siimusti alevik;1969;1961-1970;1950-1980;12;10;48;36;2;0;3;1;8,3;8,5
86;Muu kolme või enama korteriga elamu;11222;Harju maakond; Saue vald; Haiba küla;1985;1981-1990;>1980;18;20;84;66;3;0;3;1;10,8;11
255;Muu kolme või enama korteriga elamu;11222;Harju maakond; Kose vald; Ravila alevik;1973;1971-1980;1950-1980;18;20;87;69;3;0;3;1;10,5;10,5
82;Muu kolme või enama korteriga elamu;11222;Harju maakond; Kose vald; Kose alevik;1980;1971-1980;1950-1980;18;20;82;64;3;0;3;1;12;12
343;Muu kolme või enama korteriga elamu;11222;Harju maakond; Raasiku vald; Aruküla alevik;1977;1971-1980;1950-1980;18;20;84;66;3;0;3;1;12,1;12
4;Muu kolme või enama korteriga elamu;11222;Harju maakond; Rae vald; Jüri alevik;1986;1981-1990;>1980;18;20;85;67;3;0;3;1;12,7;12,5
7;Muu kolme või enama korteriga elamu;11222;Harju maakond; Viimsi vald; Viimsi alevik;1980;1971-1980;1950-1980;18;20;87;69;3;0;3;1;46,8;47
74;Muu kolme või enama korteriga elamu;11222;Harju maakond; Harku vald; Vääna küla;1988;1981-1990;>1980;12;10;58;46;2;0;3;1;8,2;8
TP38;Muu kolme või enama korteriga elamu;11222;Ida-Viru maakond; Toila vald; Voka alevik;1983;1981-1990;>1980;29;30;136;107;3;0;4;1;8,5;8,5
208;Muu kolme või enama korteriga elamu;11222;Pärnu maakond; Pärnu linn; Tõstamaa alevik;1981;1981-1990;>1980;18;20;85;67;3;0;4;1;12,3;12,5
28;Muu kolme või enama korteriga elamu;11222;Tartu maakond; Tartu linn; Tartu linn;1977;1971-1980;1950-1980;55;60;235;180;5;0;4;1;16,4;16,5
248;Muu kolme või enama korteriga elamu;11222;Tartu maakond; Tartu linn; Tartu linn;1968;1961-1970;1950-1980;55;60;235;180;5;0;4;1;15,6;15,5
303;Muu kolme või enama korteriga elamu;11222;Tartu maakond; Tartu linn; Tartu linn;1965;1961-1970;1950-1980;80;80;339;259;5;0;4;1;16,1;16
347;Muu kolme või enama korteriga elamu;11222;Tartu maakond; Tartu linn; Ilmatsalu alevik;1982;1981-1990;>1980;24;20;116;92;3;0;4;1;12;12
268;Muu kolme või enama korteriga elamu;11222;Saare maakond; Saaremaa vald; Kärla alevik;1987;1981-1990;>1980;24;20;115;91;3;0;4;1;10,2;10
138;Muu kolme või enama korteriga elamu;11222;Järva maakond; Järva vald; Järva-Jaani alev;1982;1981-1990;>1980;24;20;104;80;3;0;4;1;12;12
275;Muu kolme või enama korteriga elamu;11222;Lääne-Viru maakond; Kadrina vald; Kihlevere küla;1977;1971-1980;1950-1980;19;20;71;52;2;0;4;1;9,6;9,5
127;Muu kolme või enama korteriga elamu;11222;Lääne-Viru maakond; Viru-Nigula vald; Kunda linn;1970;1961-1970;1950-1980;55;60;235;180;5;0;4;1;18,2;18
95;Muu kolme või enama korteriga elamu;11222;Lääne-Viru maakond; Rakvere linn; Rakvere linn;1965;1961-1970;1950-1980;48;50;204;156;4;0;4;1;15,2;15
240;Muu kolme või enama korteriga elamu;11222;Lääne-Viru maakond; Rakvere linn; Rakvere linn;1966;1961-1970;1950-1980;50;50;193;143;4;0;4;1;15;15
241;Muu kolme või enama korteriga elamu;11222;Lääne-Viru maakond; Rakvere vald; Sõmeru alevik;1985;1981-1990;>1980;24;20;114;90;3;0;4;1;11,6;11,5
143;Muu kolme või enama korteriga elamu;11222;Rapla maakond; Kehtna vald; Kehtna alevik;1984;1981-1990;>1980;24;20;116;92;3;0;4;1;12,4;12,5
8;Muu kolme või enama korteriga elamu;11222;Rapla maakond; Rapla vald; Rapla linn;1989;1981-1990;>1980;24;20;115;91;3;0;4;1;12,8;13
159;Muu kolme või enama korteriga elamu;11222;Põlva maakond; Põlva vald; Põlva linn;1980;1971-1980;1950-1980;24;20;116;92;3;0;4;1;12,1;12
123;Muu kolme või enama korteriga elamu;11222;Põlva maakond; Põlva vald; Põlva linn;1968;1961-1970;1950-1980;55;60;235;180;5;0;4;1;16,5;16,5
76;Muu kolme või enama korteriga elamu;11222;Valga maakond; Valga vald; Valga linn;1992;1991-2000;>1980;30;30;137;107;3;0;4;1;11,9;12
188;Muu kolme või enama korteriga elamu;11222;Valga maakond; Tõrva vald; Tõrva linn;1980;1971-1980;1950-1980;32;30;155;123;4;0;4;1;13,5;13,5
109;Muu kolme või enama korteriga elamu;11222;Viljandi maakond; Põhja-Sakala vald; Olustvere alevik;1988;1981-1990;>1980;24;20;104;80;3;0;4;1;11,6;11,5
90;Muu kolme või enama korteriga elamu;11222;Viljandi maakond; Viljandi vald; Viiratsi alevik;1984;1981-1990;>1980;24;20;109;85;3;0;4;1;10,8;11
233;Muu kolme või enama korteriga elamu;11222;Viljandi maakond; Viljandi linn; Viljandi linn;1971;1971-1980;1950-1980;55;60;233;178;5;0;4;1;16,8;17
63;Muu kolme või enama korteriga elamu;11222;Viljandi maakond; Viljandi linn; Viljandi linn;1985;1981-1990;>1980;60;60;269;209;5;0;4;1;16,2;16
41;Muu kolme või enama korteriga elamu;11222;Võru maakond; Võru vald; Sõmerpalu alevik;1989;1981-1990;>1980;24;20;110;86;3;0;4;1;11,5;11,5
94;Muu kolme või enama korteriga elamu;11222;Harju maakond; Kose vald; Kose-Uuemõisa alevik;1984;1981-1990;>1980;24;20;116;92;3;0;4;1;10,8;11
202;Muu kolme või enama korteriga elamu;11222;Harju maakond; Raasiku vald; Aruküla alevik;1980;1971-1980;1950-1980;24;20;116;92;3;0;4;1;12,1;12
196;Muu kolme või enama korteriga elamu;11222;Harju maakond; Rae vald; Vaida alevik;1988;1981-1990;>1980;24;20;116;92;3;0;4;1;9,4;9,5
189;Muu kolme või enama korteriga elamu;11222;Saare maakond; Saaremaa vald; Kuressaare linn;1986;1981-1990;>1980;30;30;136;106;3;0;5;1;12,8;13
359;Muu kolme või enama korteriga elamu;11222;Põlva maakond; Põlva vald; Põlva linn;1977;1971-1980;1950-1980;30;30;147;117;3;0;5;1;10,5;10,5
117;Muu kolme või enama korteriga elamu;11222;Võru maakond; Võru linn; Võru linn;1968;1961-1970;1950-1980;70;70;295;225;5;0;5;0;11,9;12
238;Muu kolme või enama korteriga elamu;11222;Harju maakond; Kose vald; Kose-Uuemõisa alevik;1979;1971-1980;1950-1980;30;30;148;118;3;0;5;1;10,4;10,5
312;Muu kolme või enama korteriga elamu;11222;Valga maakond; Tõrva vald; Linna küla;1980;1971-1980;1950-1980;34;30;75;41;4;0;5;1;12,8;13
191;Muu kolme või enama korteriga elamu;11222;Tartu maakond; Tartu linn; Tartu linn;1970;1961-1970;1950-1980;85;90;271;186;5;0;6;1;16,5;16,5
65;Muu kolme või enama korteriga elamu;11222;Saare maakond; Saaremaa vald; Kuressaare linn;1988;1981-1990;>1980;48;50;234;186;4;0;6;1;13;13
20;Muu kolme või enama korteriga elamu;11222;Põlva maakond; Põlva vald; Põlva linn;1970;1961-1970;1950-1980;90;90;360;270;5;0;6;1;16,1;16
304;Muu kolme või enama korteriga elamu;11222;Viljandi maakond; Viljandi linn; Viljandi linn;1969;1961-1970;1950-1980;85;90;354;269;5;0;6;1;16,9;17
363;Muu kolme või enama korteriga elamu;11222;Viljandi maakond; Viljandi linn; Viljandi linn;1970;1961-1970;1950-1980;85;90;354;269;5;0;6;1;16,8;17
284;Muu kolme või enama korteriga elamu;11222;Viljandi maakond; Viljandi linn; Viljandi linn;1975;1971-1980;1950-1980;85;90;355;270;5;0;6;1;15,4;15,5
152;Muu kolme või enama korteriga elamu;11222;Jõgeva maakond; Jõgeva vald; Jõgeva linn;1981;1981-1990;>1980;36;40;180;144;3;0;6;1;10,8;11
311;Muu kolme või enama korteriga elamu;11222;Tartu maakond; Tartu linn; Tartu linn;1973;1971-1980;1950-1980;95;100;408;313;5;0;7;1;16,5;16,5
272;Muu kolme või enama korteriga elamu;12339;Saare maakond; Saaremaa vald; Kuressaare linn;1972;1971-1980;1950-1980;85;90;354;269;5;0;7;1;17;17
140;Muu kolme või enama korteriga elamu;11222;Tartu maakond; Tartu linn; Tartu linn;1971;1971-1980;1950-1980;115;120;475;360;5;0;8;1;17,8;18
151;Muu kolme või enama korteriga elamu;11222;Tartu maakond; Tartu linn; Tartu linn;1972;1971-1980;1950-1980;115;120;474;359;5;0;8;1;16,5;16,5
186;Muu kolme või enama korteriga elamu;11222;Rapla maakond; Rapla vald; Alu alevik;1977;1971-1980;1950-1980;60;60;288;228;2;0;15;1;8,7;8,5
100;Muu kolme või enama korteriga elamu;11222;Harju maakond; Tallinn; Nõmme linnaosa;1978;1971-1980;1950-1980;19;20;136;117;4;0;4;1;17,2;17
246;Ühiselamu üliõpilastele või õpilastele;12744;Harju maakond; Tallinn; Nõmme linnaosa;1984;1981-1990;>1980;64;60;217;153;5;0;2;1;17;17
99;Muu kolme või enama korteriga elamu;11222;Harju maakond; Tallinn; Nõmme linnaosa;1970;1961-1970;1950-1980;12;10;51;39;3;0;1;1;10,8;11
276;Muu kolme või enama korteriga elamu;11222;Harju maakond; Tallinn; Mustamäe linnaosa;1972;1971-1980;1950-1980;162;160;756;594;9;5;5;0;32,4;32,5
379;Muu kolme või enama korteriga elamu;11222;Harju maakond; Tallinn; Põhja-Tallinna linnaosa;1959;1951-1960;1950-1980;24;20;95;71;4;0;2;1;16;16
149;Muu kolme või enama korteriga elamu;11222;Harju maakond; Tallinn; Mustamäe linnaosa;1970;1961-1970;1950-1980;54;50;270;216;10;2;2;0;30,4;30,5
98;Muu kolme või enama korteriga elamu;11222;Harju maakond; Tallinn; Kesklinna linnaosa;1958;1951-1960;1950-1980;18;20;72;54;3;0;2;0;11,3;11,5
297;Muu kolme või enama korteriga elamu;11222;Harju maakond; Tallinn; Põhja-Tallinna linnaosa;1938;1931-1940;<1950;12;10;57;45;3;0;1;1;12,3;12,5
280;Muu kolme või enama korteriga elamu;11222;Harju maakond; Tallinn; Nõmme linnaosa;1989;1981-1990;>1980;33;30;135;102;7;2;2;0;23,9;24
198;Muu kolme või enama korteriga elamu;11222;Harju maakond; Tallinn; Põhja-Tallinna linnaosa;1968;1961-1970;1950-1980;18;20;72;54;3;0;2;1;10,9;11
21;Muu kolme või enama korteriga elamu;12132;Harju maakond; Tallinn; Kesklinna linnaosa;1983;1981-1990;>1980;50;50;214;164;5;0;4;1;17,3;17,5
193;Muu kolme või enama korteriga elamu;11222;Harju maakond; Tallinn; Kristiine linnaosa;1963;1961-1970;1950-1980;32;30;131;99;4;0;2;1;13,8;14
339;Muu kolme või enama korteriga elamu;12749;Harju maakond; Tallinn; Kristiine linnaosa;1980;1971-1980;1950-1980;60;60;205;145;5;0;3;1;16,3;16,5
338;Muu kolme või enama korteriga elamu;11222;Harju maakond; Tallinn; Kesklinna linnaosa;1926;1921-1930;<1950;10;10;68;58;5;0;1;1;23,3;23,5
TP15;Muu kolme või enama korteriga elamu;11222;Harju maakond; Tallinn; Nõmme linnaosa;1985;1981-1990;>1980;56;60;260;204;7;1;4;0;24;24
48;Muu kolme või enama korteriga elamu;11222;Harju maakond; Tallinn; Mustamäe linnaosa;1981;1981-1990;>1980;28;30;126;98;7;1;1;1;26;26
344;Muu kolme või enama korteriga elamu;11222;Harju maakond; Tallinn; Kristiine linnaosa;1964;1961-1970;1950-1980;48;50;204;156;4;0;3;1;14;14
177;Muu kolme või enama korteriga elamu;11222;Harju maakond; Tallinn; Mustamäe linnaosa;1983;1981-1990;>1980;49;50;230;181;5;0;4;1;17,2;17
122;Muu kolme või enama korteriga elamu;11222;Harju maakond; Tallinn; Kristiine linnaosa;1964;1961-1970;1950-1980;32;30;136;104;4;0;2;1;14,8;15
371;Muu kolme või enama korteriga elamu;11222;Harju maakond; Tallinn; Kristiine linnaosa;1970;1961-1970;1950-1980;60;60;252;192;5;0;3;1;17,8;18
139;Muu kolme või enama korteriga elamu;11222;Harju maakond; Tallinn; Lasnamäe linnaosa;1900;...-1900;<1950;5;10;16;11;2;0;2;1;10,4;10,5
256;Muu kolme või enama korteriga elamu;11222;Harju maakond; Tallinn; Mustamäe linnaosa;1972;1971-1980;1950-1980;54;50;270;216;10;2;2;1;33,5;33,5
357;Muu kolme või enama korteriga elamu;11222;Harju maakond; Tallinn; Põhja-Tallinna linnaosa;1961;1961-1970;1950-1980;32;30;121;89;4;0;2;0;15;15
155;Muu kolme või enama korteriga elamu;11222;Harju maakond; Tallinn; Kristiine linnaosa;1984;1981-1990;>1980;120;120;365;245;5;0;2;1;18,2;18
145;Muu kolme või enama korteriga elamu;11222;Harju maakond; Tallinn; Kristiine linnaosa;1977;1971-1980;1950-1980;38;40;170;132;5;0;3;1;15,5;15,5
25;Muu kolme või enama korteriga elamu;11222;Harju maakond; Tallinn; Kesklinna linnaosa;1959;1951-1960;1950-1980;32;30;120;88;4;0;3;1;16,6;16,5
235;Muu kolme või enama korteriga elamu;11222;Harju maakond; Tallinn; Nõmme linnaosa;1980;1971-1980;1950-1980;25;30;133;108;5;0;2;1;17,4;17,5
137;Muu kolme või enama korteriga elamu;11222;Harju maakond; Tallinn; Põhja-Tallinna linnaosa;1959;1951-1960;1950-1980;8;10;36;28;2;0;2;1;12,8;13
107;Muu kolme või enama korteriga elamu;12322;Harju maakond; Tallinn; Kristiine linnaosa;1968;1961-1970;1950-1980;16;20;70;54;3;0;2;1;13,1;13
102;Muu kolme või enama korteriga elamu;11222;Harju maakond; Tallinn; Nõmme linnaosa;1959;1951-1960;1950-1980;24;20;90;66;3;0;2;1;12,1;12
244;Muu kolme või enama korteriga elamu;12339;Harju maakond; Tallinn; Kesklinna linnaosa;1971;1971-1980;1950-1980;29;30;120;91;8;1;1;0;25,7;25,5
258;Muu kolme või enama korteriga elamu;11222;Harju maakond; Tallinn; Kristiine linnaosa;1972;1971-1980;1950-1980;8;10;39;31;4;0;1;1;14,6;14,5
119;Muu kolme või enama korteriga elamu;11222;Pärnu maakond; Pärnu linn; Pärnu linn;1989;1981-1990;>1980;31;30;137;106;4;0;3;1;14;14
178;Muu kolme või enama korteriga elamu;11222;Pärnu maakond; Pärnu linn; Pärnu linn;1970;1961-1970;1950-1980;85;90;354;269;5;0;6;1;17;17
141;Muu kolme või enama korteriga elamu;11222;Pärnu maakond; Pärnu linn; Pärnu linn;1963;1961-1970;1950-1980;24;20;90;66;3;0;2;1;13,5;13,5
124;Muu kolme või enama korteriga elamu;11222;Pärnu maakond; Pärnu linn; Pärnu linn;1962;1961-1970;1950-1980;32;30;120;88;4;0;2;1;15;15
201;Muu kolme või enama korteriga elamu;11222;Pärnu maakond; Pärnu linn; Pärnu linn;1968;1961-1970;1950-1980;36;40;144;108;3;0;6;1;11,4;11,5
266;Muu kolme või enama korteriga elamu;11222;Pärnu maakond; Pärnu linn; Tõstamaa alevik;1972;1971-1980;1950-1980;18;20;87;69;3;0;3;1;10,3;10,5
269;Muu kolme või enama korteriga elamu;11222;Pärnu maakond; Pärnu linn; Pärnu linn;1970;1961-1970;1950-1980;85;90;356;271;5;0;6;1;17;17
351;Muu kolme või enama korteriga elamu;12311;Tartu maakond; Tartu linn; Tartu linn;1963;1961-1970;1950-1980;49;50;204;155;4;0;4;1;16,7;16,5
366;Muu kolme või enama korteriga elamu;12201;Tartu maakond; Tartu linn; Tartu linn;1963;1961-1970;1950-1980;31;30;127;96;4;0;2;1;15,3;15,5
38;Muu kolme või enama korteriga elamu;11222;Tartu maakond; Tartu linn; Tartu linn;1977;1971-1980;1950-1980;24;20;101;77;3;0;2;1;11;11
301;Muu kolme või enama korteriga elamu;11222;Tartu maakond; Tartu linn; Tartu linn;1960;1951-1960;1950-1980;32;30;120;88;4;0;2;1;17,2;17
166;Muu kolme või enama korteriga elamu;11222;Tartu maakond; Tartu linn; Tartu linn;1977;1971-1980;1950-1980;85;90;355;270;5;0;6;1;18,7;18,5
372;Muu kolme või enama korteriga elamu;11222;Tartu maakond; Tartu linn; Tartu linn;1969;1961-1970;1950-1980;18;20;72;54;3;0;2;1;12;12
307;Muu kolme või enama korteriga elamu;11222;Tartu maakond; Tartu linn; Tartu linn;1970;1961-1970;1950-1980;60;60;265;205;5;0;4;1;18,7;18,5
332;Muu kolme või enama korteriga elamu;11222;Tartu maakond; Tartu linn; Tartu linn;1973;1971-1980;1950-1980;110;110;468;358;5;0;8;1;17,8;18
267;Muu kolme või enama korteriga elamu;12646;Tartu maakond; Tartu linn; Tartu linn;1988;1981-1990;>1980;79;80;359;280;5;0;7;1;16,1;16
251;Muu kolme või enama korteriga elamu;11222;Tartu maakond; Tartu linn; Tartu linn;1991;1991-2000;>1980;24;20;126;102;4;0;2;1;15,1;15
156;Muu kolme või enama korteriga elamu;11222;Tartu maakond; Tartu linn; Tartu linn;1990;1981-1990;>1980;40;40;148;108;5;0;4;1;16,8;17
308;Ühiselamu üliõpilastele või õpilastele;11321;Tartu maakond; Tartu linn; Tartu linn;1976;1971-1980;1950-1980;53;50;195;142;5;0;6;1;16,3;16,5
12;Muu kolme või enama korteriga elamu;11222;Tartu maakond; Tartu linn; Ilmatsalu alevik;1972;1971-1980;1950-1980;18;20;87;69;3;0;3;1;10,2;10
15;Muu kolme või enama korteriga elamu;11222;Tartu maakond; Tartu linn; Ilmatsalu alevik;1974;1971-1980;1950-1980;18;20;87;69;3;0;3;1;10,4;10,5
293;Muu kolme või enama korteriga elamu;11222;Tartu maakond; Tartu linn; Tartu linn;1918;1911-1920;<1950;21;20;60;39;3;0;1;1;13,8;14
97;Muu kolme või enama korteriga elamu;11222;Tartu maakond; Tartu linn; Tartu linn;1959;1951-1960;1950-1980;12;10;51;39;3;0;1;1;11,7;11,5
5;Muu kolme või enama korteriga elamu;11222;Tartu maakond; Tartu linn; Tartu linn;1976;1971-1980;1950-1980;27;30;108;81;3;0;3;1;12,3;12,5
340;Muu kolme või enama korteriga elamu;12311;Tartu maakond; Tartu linn; Tartu linn;1981;1981-1990;>1980;61;60;144;83;5;0;1;1;15,5;15,5
TP17;Muu kolme või enama korteriga elamu;11222;Tartu maakond; Tartu vald; Kärkna küla;1978 (2019);1971-1980;>1980;27;30;108;81;3;0;3;0;10,8;11
328;Muu kolme või enama korteriga elamu;11222;Tartu maakond; Tartu linn; Tartu linn;1960;1951-1960;1950-1980;24;20;90;66;3;0;2;1;12,1;12
TP12;Muu kolme või enama korteriga elamu;11222;Tartu maakond; Elva vald; Elva linn;1970 (2020);1961-1970;>1980;12;10;48;36;2;0;3;0;7,3;7,5
384;Muu kolme või enama korteriga elamu;12319;Tartu maakond; Tartu linn; Tartu linn;1958;1951-1960;1950-1980;21;20;62;41;4;0;3;1;18;18
329;Muu kolme või enama korteriga elamu;11222;Tartu maakond; Tartu linn; Tartu linn;1959;1951-1960;1950-1980;24;20;90;66;3;0;2;1;13,9;14
316;Muu kolme või enama korteriga elamu;11222;Tartu maakond; Tartu linn; Tartu linn;1912;1911-1920;<1950;45;50;144;99;4;0;3;1;17,7;17,5
349;Muu kolme või enama korteriga elamu;12331;Tartu maakond; Tartu linn; Tartu linn;1961;1961-1970;1950-1980;60;60;244;184;5;0;3;1;17,7;17,5
46;Muu kolme või enama korteriga elamu;11222;Tartu maakond; Tartu linn; Tartu linn;1978;1971-1980;1950-1980;54;50;274;220;5;0;5;1;15,3;15,5
273;Muu kolme või enama korteriga elamu;11222;Tartu maakond; Tartu linn; Tartu linn;1958;1951-1960;1950-1980;11;10;46;35;3;0;1;1;12,5;12,5
386;Muu kolme või enama korteriga elamu;11222;Tartu maakond; Tartu linn; Tartu linn;1962;1961-1970;1950-1980;32;30;120;88;4;0;2;1;15,3;15,5
336;Muu kolme või enama korteriga elamu;11318;Tartu maakond; Tartu linn; Tartu linn;1962;1961-1970;1950-1980;49;50;206;157;4;0;4;1;15,7;15,5
362;Muu kolme või enama korteriga elamu;12201;Tartu maakond; Tartu linn; Tartu linn;1959;1951-1960;1950-1980;30;30;78;48;4;0;3;1;15,9;16
16;Muu kolme või enama korteriga elamu;11222;Tartu maakond; Elva vald; Elva linn;1970;1961-1970;1950-1980;18;20;72;54;3;0;2;1;16;16
224;Muu kolme või enama korteriga elamu;11222;Tartu maakond; Tartu linn; Tartu linn;1990;1981-1990;>1980;15;20;76;61;3;0;3;1;9,5;9,5
389;Muu kolme või enama korteriga elamu;11222;Tartu maakond; Tartu linn; Tartu linn;1962;1961-1970;1950-1980;31;30;117;86;4;0;3;1;15,2;15
383;Muu kolme või enama korteriga elamu;11222;Tartu maakond; Tartu linn; Tartu linn;1962;1961-1970;1950-1980;32;30;120;88;4;0;2;1;14,7;14,5
322;Muu kolme või enama korteriga elamu;11222;Tartu maakond; Tartu linn; Tartu linn;1935;1931-1940;<1950;32;30;120;88;4;0;2;1;14,6;14,5
31;Muu kolme või enama korteriga elamu;11222;Tartu maakond; Elva vald; Elva linn;1964;1961-1970;1950-1980;24;20;97;73;3;0;2;1;12,2;12
55;Muu kolme või enama korteriga elamu;11222;Tartu maakond; Tartu linn; Tartu linn;1967;1961-1970;1950-1980;32;30;136;104;4;0;2;1;14;14
79;Muu kolme või enama korteriga elamu;11222;Tartu maakond; Tartu linn; Tartu linn;1976;1971-1980;1950-1980;40;40;170;130;5;0;2;1;17,3;17,5
33;Muu kolme või enama korteriga elamu;11222;Tartu maakond; Tartu linn; Tartu linn;1953;1951-1960;1950-1980;18;20;77;59;3;0;3;1;11,5;11,5
57;Muu kolme või enama korteriga elamu;11222;Tartu maakond; Tartu linn; Rahinge küla;1968;1961-1970;1950-1980;12;10;48;36;2;0;2;1;7,8;8
385;Muu kolme või enama korteriga elamu;11222;Tartu maakond; Tartu linn; Tartu linn;1962;1961-1970;1950-1980;33;30;122;89;4;0;2;1;15,3;15,5
136;Muu kolme või enama korteriga elamu;11222;Tartu maakond; Tartu linn; Tartu linn;1967;1961-1970;1950-1980;25;30;93;68;4;0;2;1;14,8;15
212;Muu kolme või enama korteriga elamu;11222;Tartu maakond; Tartu linn; Tartu linn;1935;1931-1940;<1950;12;10;50;38;2;0;2;1;11,3;11,5
331;Muu kolme või enama korteriga elamu;11222;Saare maakond; Saaremaa vald; Kuressaare linn;1962;1961-1970;1950-1980;24;20;90;66;3;0;2;1;12,3;12,5
6;Muu kolme või enama korteriga elamu;11222;Saare maakond; Saaremaa vald; Kuressaare linn;1982;1981-1990;>1980;30;30;162;132;5;0;3;1;15,8;16
110;Muu kolme või enama korteriga elamu;11222;Järva maakond; Paide linn; Paide linn;1977;1971-1980;1950-1980;12;10;60;48;3;0;2;1;8,7;8,5
27;Muu kolme või enama korteriga elamu;11222;Järva maakond; Paide linn; Paide linn;1991;1991-2000;>1980;28;30;148;120;4;0;3;1;13,5;13,5
TP36;Muu kolme või enama korteriga elamu;11222;Lääne-Viru maakond; Rakvere linn; Rakvere linn;1974;1971-1980;1950-1980;36;40;144;108;4;0;3;1;15,3;15,5
365;Muu kolme või enama korteriga elamu;12139;Lääne-Viru maakond; Rakvere linn; Rakvere linn;1960;1951-1960;1950-1980;17;20;67;50;3;0;1;1;13,5;13,5
175;Muu kolme või enama korteriga elamu;11222;Lääne-Viru maakond; Rakvere linn; Rakvere linn;1968;1961-1970;1950-1980;55;60;233;178;5;0;4;1;18,1;18
108;Muu kolme või enama korteriga elamu;11222;Lääne-Viru maakond; Rakvere linn; Rakvere linn;1964;1961-1970;1950-1980;32;30;120;88;4;0;2;1;15,4;15,5
118;Muu kolme või enama korteriga elamu;11222;Lääne-Viru maakond; Rakvere linn; Rakvere linn;1957;1951-1960;1950-1980;12;10;51;39;3;0;1;1;10,8;11
216;Muu kolme või enama korteriga elamu;11222;Lääne-Viru maakond; Rakvere linn; Rakvere linn;1964;1961-1970;1950-1980;44;40;168;124;4;0;3;1;14,1;14
226;Muu kolme või enama korteriga elamu;12311;Lääne-Viru maakond; Rakvere linn; Rakvere linn;1964;1961-1970;1950-1980;38;40;153;115;4;0;3;1;14,9;15
104;Muu kolme või enama korteriga elamu;12319;Lääne-Viru maakond; Rakvere linn; Rakvere linn;1966;1961-1970;1950-1980;60;60;241;181;4;0;3;1;13,7;13,5
282;Muu kolme või enama korteriga elamu;12319;Lääne-Viru maakond; Rakvere linn; Rakvere linn;1972;1971-1980;1950-1980;60;60;270;210;5;0;4;1;19,2;19
262;Muu kolme või enama korteriga elamu;11222;Lääne-Viru maakond; Rakvere linn; Rakvere linn;1974;1971-1980;1950-1980;12;10;60;48;3;0;2;1;11,4;11,5
22;Muu kolme või enama korteriga elamu;12331;Lääne-Viru maakond; Rakvere linn; Rakvere linn;1979;1971-1980;1950-1980;55;60;193;138;5;0;4;1;15,9;16
80;Muu kolme või enama korteriga elamu;11222;Lääne-Viru maakond; Rakvere linn; Rakvere linn;1983;1981-1990;>1980;15;20;80;65;5;0;1;1;17,5;17,5
209;Muu kolme või enama korteriga elamu;11222;Lääne-Viru maakond; Rakvere linn; Rakvere linn;1984;1981-1990;>1980;39;40;141;102;5;0;4;1;17,3;17,5
253;Muu kolme või enama korteriga elamu;12339;Lääne-Viru maakond; Rakvere linn; Rakvere linn;1984;1981-1990;>1980;30;30;140;110;3;0;4;1;11,9;12
261;Muu kolme või enama korteriga elamu;11222;Lääne-Viru maakond; Rakvere vald; Sõmeru alevik;1967;1961-1970;1950-1980;8;10;34;26;2;0;1;0;10,7;10,5
169;Muu kolme või enama korteriga elamu;11222;Lääne-Viru maakond; Rakvere vald; Sõmeru alevik;1968;1961-1970;1950-1980;12;10;52;40;3;0;2;1;12,6;12,5
263;Muu kolme või enama korteriga elamu;11222;Lääne-Viru maakond; Tapa vald; Tapa linn;1960;1951-1960;1950-1980;44;40;168;124;4;0;3;1;15,3;15,5
84;Muu kolme või enama korteriga elamu;11222;Lääne-Viru maakond; Tapa vald; Tapa linn;1959;1951-1960;1950-1980;18;20;78;60;3;0;2;1;16,9;17
283;Muu kolme või enama korteriga elamu;12311;Lääne-Viru maakond; Tapa vald; Tapa linn;1962;1961-1970;1950-1980;18;20;60;42;3;0;1;1;15;15
250;Muu kolme või enama korteriga elamu;11222;Lääne-Viru maakond; Tapa vald; Tapa linn;1962;1961-1970;1950-1980;32;30;121;89;4;0;2;1;16;16
277;Muu kolme või enama korteriga elamu;11222;Lääne-Viru maakond; Tapa vald; Tapa linn;1959;1951-1960;1950-1980;33;30;93;60;3;0;3;1;13,4;13,5
286;Muu kolme või enama korteriga elamu;11222;Lääne-Viru maakond; Tapa vald; Tapa linn;1966;1961-1970;1950-1980;64;60;208;144;4;0;4;1;15,3;15,5
35;Muu kolme või enama korteriga elamu;11222;Lääne-Viru maakond; Rakvere vald; Sõmeru alevik;1969;1961-1970;1950-1980;8;10;36;28;2;0;2;1;12,8;13
298;Muu kolme või enama korteriga elamu;11222;Rapla maakond; Märjamaa vald; Märjamaa alev;1982;1981-1990;>1980;24;20;120;96;3;0;4;1;10,1;10
42;Muu kolme või enama korteriga elamu;11222;Rapla maakond; Rapla vald; Rapla linn;1980;1971-1980;1950-1980;25;30;126;101;3;0;5;1;9,8;10
257;Muu kolme või enama korteriga elamu;11222;Rapla maakond; Rapla vald; Rapla linn;1990;1981-1990;>1980;15;20;79;64;5;0;1;0;17,5;17,5
295;Muu kolme või enama korteriga elamu;11222;Rapla maakond; Rapla vald; Rapla linn;1971;1971-1980;1950-1980;18;20;72;54;3;0;2;1;12;12
9;Muu kolme või enama korteriga elamu;11222;Valga maakond; Valga vald; Valga linn;1975;1971-1980;1950-1980;36;40;168;132;3;0;6;1;10,2;10
88;Muu kolme või enama korteriga elamu;11222;Valga maakond; Tõrva vald; Tõrva linn;1972;1971-1980;1950-1980;32;30;143;111;4;0;4;1;13;13
160;Muu kolme või enama korteriga elamu;11222;Valga maakond; Tõrva vald; Tõrva linn;1970;1961-1970;1950-1980;12;10;60;48;3;0;2;1;10,2;10
222;Muu kolme või enama korteriga elamu;11222;Viljandi maakond; Viljandi vald; Ramsi alevik;1977;1971-1980;1950-1980;44;40;176;132;5;0;3;1;15,5;15,5
126;Muu kolme või enama korteriga elamu;11222;Viljandi maakond; Viljandi linn; Viljandi linn;1974;1971-1980;1950-1980;24;20;114;90;3;0;4;1;10;10
377;Muu kolme või enama korteriga elamu;12201;Viljandi maakond; Viljandi linn; Viljandi linn;1990;1981-1990;>1980;75;80;328;253;10;2;2;1;31,7;31,5
230;Muu kolme või enama korteriga elamu;11222;Viljandi maakond; Viljandi linn; Viljandi linn;1992;1991-2000;>1980;24;20;110;86;4;0;2;1;14,7;14,5
239;Muu kolme või enama korteriga elamu;11222;Võru maakond; Võru linn; Võru linn;1961;1961-1970;1950-1980;18;20;72;54;3;0;2;1;11,7;11,5
305;Muu kolme või enama korteriga elamu;11222;Võru maakond; Võru linn; Võru linn;1977;1971-1980;1950-1980;45;50;180;135;10;1;1;1;32,1;32
378;Muu kolme või enama korteriga elamu;11222;Harju maakond; Harku vald; Tabasalu alevik;1981;1981-1990;>1980;29;30;108;79;11;1;1;1;32;32
129;Muu kolme või enama korteriga elamu;11222;Harju maakond; Harku vald; Harku alevik;1965;1961-1970;1950-1980;25;30;85;60;3;0;3;1;12,8;13
101;Muu kolme või enama korteriga elamu;11222;Harju maakond; Jõelähtme vald; Loo alevik;1961;1961-1970;1950-1980;18;20;72;54;3;0;2;0;12;12
206;Muu kolme või enama korteriga elamu;11222;Harju maakond; Anija vald; Kehra linn;1968;1961-1970;1950-1980;44;40;188;144;4;0;4;1;15,2;15
0;Muu kolme või enama korteriga elamu;11222;Harju maakond; Keila linn; Keila linn;1967;1961-1970;1950-1980;12;10;48;36;2;0;2;1;9;9
34;Muu kolme või enama korteriga elamu;11222;Harju maakond; Kose vald; Kose-Uuemõisa alevik;1968;1961-1970;1950-1980;12;10;60;48;3;0;2;1;10,6;10,5
134;Muu kolme või enama korteriga elamu;11222;Harju maakond; Saku vald; Saku alevik;1975;1971-1980;1950-1980;20;20;74;54;5;0;1;0;17;17
260;Muu kolme või enama korteriga elamu;11222;Harju maakond; Saue vald; Laagri alevik;1978;1971-1980;1950-1980;54;50;172;118;5;0;3;1;17;17
346;Muu kolme või enama korteriga elamu;11222;Harju maakond; Saue vald; Laagri alevik;1975;1971-1980;1950-1980;45;50;224;179;5;0;3;1;17,5;17,5
381;Muu kolme või enama korteriga elamu;11222;Harju maakond; Saue vald; Laagri alevik;1981;1981-1990;>1980;50;50;225;175;5;0;3;1;16,7;16,5
45;Muu kolme või enama korteriga elamu;11222;Harju maakond; Saue vald; Laagri alevik;1969;1961-1970;1950-1980;12;10;48;36;2;0;2;1;7,4;7,5
66;Muu kolme või enama korteriga elamu;11222;Harju maakond; Keila linn; Keila linn;1985;1981-1990;>1980;15;20;68;53;3;0;2;1;12,5;12,5
3;Muu kolme või enama korteriga elamu;11222;Harju maakond; Keila linn; Keila linn;1971;1971-1980;1950-1980;12;10;54;42;2;0;3;1;7;7
215;Muu kolme või enama korteriga elamu;11222;Harju maakond; Keila linn; Keila linn;1970;1961-1970;1950-1980;16;20;79;63;4;0;2;1;14,8;15
13;Muu kolme või enama korteriga elamu;11222;Harju maakond; Saue vald; Saue linn;1967;1961-1970;1950-1980;12;10;60;48;3;0;2;1;10,5;10,5
135;Muu kolme või enama korteriga elamu;11222;Harju maakond; Saue vald; Valingu küla;1973;1971-1980;1950-1980;12;10;48;36;2;0;3;1;8,5;8,5
231;Muu kolme või enama korteriga elamu;11222;Harju maakond; Saue vald; Laagri alevik;1985;1981-1990;>1980;44;40;213;169;5;0;3;1;18;18
43;Muu kolme või enama korteriga elamu;11222;Harju maakond; Viimsi vald; Haabneeme alevik;1988;1981-1990;>1980;28;30;126;98;5;0;4;1;19,4;19,5
TP11;Muu kolme või enama korteriga elamu;11222;Harju maakond; Saue vald; Laagri alevik;1992;1991-2000;>1980;18;20;98;80;3;0;3;0;10,8;11
87;Muu kolme või enama korteriga elamu;11222;Tartu maakond; Tartu linn; Tartu linn;1977;1971-1980;1950-1980;40;40;170;130;5;0;2;1;17,2;17
218;Muu kolme või enama korteriga elamu;11222;Lääne maakond; Haapsalu linn; Haapsalu linn;1978;1971-1980;1950-1980;36;40;144;108;4;0;1;1;13,3;13,5
219;Muu kolme või enama korteriga elamu;11222;Lääne maakond; Haapsalu linn; Haapsalu linn;1978;1971-1980;1950-1980;35;40;107;72;4;0;4;1;13,3;13,5
164;Muu kolme või enama korteriga elamu;11222;Tartu maakond; Kambja vald; Reola küla;1980;1971-1980;1950-1980;42;40;141;99;3;0;1;1;12,5;12,5
245;Muu kolme või enama korteriga elamu;11222;Harju maakond; Keila linn; Keila linn;1986;1981-1990;>1980;40;40;124;84;3;0;2;1;9,3;9,5
18;Muu kolme või enama korteriga elamu;11222;Tartu maakond; Tartu linn; Ilmatsalu alevik;1992;1991-2000;>1980;24;20;118;94;3;0;3;1;12;12
121;Muu kolme või enama korteriga elamu;11222;Tartu maakond; Tartu linn; Tartu linn;1992;1991-2000;>1980;40;40;130;90;5;0;2;1;16,5;16,5
173;Muu kolme või enama korteriga elamu;11222;Tartu maakond; Tartu linn; Tartu linn;1980;1971-1980;1950-1980;36;40;162;126;9;1;1;1;30;30
254;Muu kolme või enama korteriga elamu;11222;Tartu maakond; Tartu linn; Tartu linn;1988;1981-1990;>1980;45;50;155;110;5;0;3;1;16;16
265;Muu kolme või enama korteriga elamu;11222;Võru maakond; Võru linn; Võru linn;1991;1991-2000;>1980;30;30;140;110;5;0;2;1;15,3;15,5
296;Muu kolme või enama korteriga elamu;11222;Tartu maakond; Tartu linn; Tartu linn;1988;1981-1990;>1980;45;50;200;155;5;0;3;1;16,4;16,5
323;Muu kolme või enama korteriga elamu;11222;Tartu maakond; Tartu linn; Tartu linn;1987;1981-1990;>1980;47;50;109;62;3;0;5;1;11;11
325;Muu kolme või enama korteriga elamu;11222;Viljandi maakond; Viljandi linn; Viljandi linn;1988;1981-1990;>1980;45;50;200;155;5;0;3;1;16,4;16,5
326;Muu kolme või enama korteriga elamu;11222;Tartu maakond; Tartu linn; Tartu linn;1986;1981-1990;>1980;59;60;278;219;5;0;5;1;16,3;16,5
TP29;Muu kolme või enama korteriga elamu;11222;Tartu maakond; Tartu linn; Tartu linn;1987 (2017);1981-1990;>1980;60;60;279;219;5;0;4;1;15;15
TP34;Muu kolme või enama korteriga elamu;11222;Viljandi maakond; Viljandi linn; Viljandi linn;1990 (2019);1981-1990;>1980;45;50;210;165;5;0;3;1;14,9;15
TP33;Muu kolme või enama korteriga elamu;11222;Pärnu maakond; Tori vald; Sindi linn;1980;1971-1980;1950-1980;60;60;270;210;5;0;4;1;17,3;17,5
TP32;Muu kolme või enama korteriga elamu;11222;Pärnu maakond; Tori vald; Sindi linn;1986;1981-1990;>1980;60;60;270;210;5;0;4;1;17,0;17
TP39;Muu kolme või enama korteriga elamu;11222;Pärnu maakond; Tori vald; Sindi linn;1981;1981-1990;>1980;60;60;270;210;5;0;4;1;16,9;17
291;Muu kolme või enama korteriga elamu;12422;Viljandi maakond; Viljandi linn; Viljandi linn;1986;1981-1990;>1980;60;60;270;210;5;0;4;1;16,3;16,5
49;Muu kolme või enama korteriga elamu;11222;Tartu maakond; Kambja vald; Kambja alevik;1982;1981-1990;>1980;30;30;140;110;5;0;2;1;16,5;16,5
61;Muu kolme või enama korteriga elamu;11222;Valga maakond; Tõrva vald; Tõrva linn;1978;1971-1980;1950-1980;30;30;126;96;5;0;2;1;13;13
207;Muu kolme või enama korteriga elamu;11222;Tartu maakond; Tartu linn; Tartu linn;1984;1981-1990;>1980;30;30;130;100;5;0;2;1;16;16
TP37;Muu kolme või enama korteriga elamu;11222;Viljandi maakond; Viljandi vald; Viiratsi alevik;1986;1981-1990;>1980;30;30;140;110;5;0;2;1;18,6;18,5
1;Muu kolme või enama korteriga elamu;11222;Rapla maakond; Rapla vald; Rapla linn;1987;1981-1990;>1980;45;50;200;155;5;0;3;1;15,7;15,5
24;Muu kolme või enama korteriga elamu;11222;Lääne-Viru maakond; Rakvere vald; Sõmeru alevik;1980;1971-1980;1950-1980;24;20;106;82;3;0;3;1;12;12
71;Muu kolme või enama korteriga elamu;11222;Tartu maakond; Elva vald; Puhja alevik;1978;1971-1980;1950-1980;36;40;160;124;4;0;3;1;13,3;13,5
72;Muu kolme või enama korteriga elamu;11222;Tartu maakond; Elva vald; Puhja alevik;1981;1981-1990;>1980;36;40;124;88;4;0;3;1;13,3;13,5
73;Muu kolme või enama korteriga elamu;11222;Tartu maakond; Elva vald; Puhja alevik;1985;1981-1990;>1980;36;40;160;124;4;0;3;1;13,3;13,5
81;Muu kolme või enama korteriga elamu;11222;Viljandi maakond; Viljandi linn; Viljandi linn;1983;1981-1990;>1980;45;50;200;155;5;0;3;1;17;17
83;Muu kolme või enama korteriga elamu;11222;Jõgeva maakond; Põltsamaa vald; Adavere alevik;1978;1971-1980;1950-1980;18;20;87;69;3;0;3;1;11;11
111;Muu kolme või enama korteriga elamu;12319;Lääne-Viru maakond; Rakvere linn; Rakvere linn;1985;1981-1990;>1980;30;30;120;90;5;0;3;1;16;16
112;Muu kolme või enama korteriga elamu;11222;Põlva maakond; Põlva vald; Põlva linn;1974;1971-1980;1950-1980;18;20;87;69;3;0;3;1;9,6;9,5
116;Muu kolme või enama korteriga elamu;11222;Tartu maakond; Tartu linn; Tartu linn;1983;1981-1990;>1980;45;50;200;155;5;0;3;1;15,6;15,5
171;Muu kolme või enama korteriga elamu;11222;Tartu maakond; Tartu linn; Tartu linn;1984;1981-1990;>1980;45;50;200;155;5;0;3;1;16,1;16
184;Muu kolme või enama korteriga elamu;11222;Viljandi maakond; Viljandi linn; Viljandi linn;1980;1971-1980;1950-1980;45;50;200;155;5;0;3;1;15,6;15,5
234;Muu kolme või enama korteriga elamu;11222;Viljandi maakond; Viljandi linn; Viljandi linn;1987;1981-1990;>1980;45;50;200;155;5;0;3;1;16;16
252;Muu kolme või enama korteriga elamu;11222;Viljandi maakond; Viljandi linn; Viljandi linn;1980;1971-1980;1950-1980;45;50;200;155;5;0;3;1;16;16
313;Muu kolme või enama korteriga elamu;11222;Tartu maakond; Tartu linn; Tartu linn;1985;1981-1990;>1980;45;50;155;110;5;0;3;1;16;16
356;Muu kolme või enama korteriga elamu;11222;Tartu maakond; Kastre vald; Roiu alevik;1983;1981-1990;>1980;36;40;160;124;4;0;3;1;13,4;13,5
TP28;Muu kolme või enama korteriga elamu;11222;Jõgeva maakond; Põltsamaa vald; Põltsamaa linn;1976;1971-1980;1950-1980;24;20;116;92;4;0;3;1;13,1;13
TP40;Muu kolme või enama korteriga elamu;11222;Põlva maakond; Põlva vald; Põlva linn;1982 (2019);1981-1990;>1980;45;50;200;155;5;0;3;1;16,5;16,5
23;Muu kolme või enama korteriga elamu;11222;Lääne-Viru maakond; Rakvere linn; Rakvere linn;1978;1971-1980;1950-1980;60;60;270;210;5;0;4;1;15,9;16
39;Muu kolme või enama korteriga elamu;11222;Viljandi maakond; Viljandi vald; Uusna küla;1980;1971-1980;1950-1980;24;20;116;92;3;0;4;1;11,7;11,5
68;Muu kolme või enama korteriga elamu;11222;Viljandi maakond; Viljandi linn; Viljandi linn;1981;1981-1990;>1980;60;60;270;210;5;0;4;1;16,1;16
78;Muu kolme või enama korteriga elamu;11222;Viljandi maakond; Viljandi linn; Viljandi linn;1982;1981-1990;>1980;60;60;270;210;5;0;4;1;18;18
89;Muu kolme või enama korteriga elamu;11222;Tartu maakond; Kambja vald; Tõrvandi alevik;1975;1971-1980;1950-1980;60;60;270;210;5;0;4;0;16,1;16
103;Muu kolme või enama korteriga elamu;11222;Lääne-Viru maakond; Rakvere linn; Rakvere linn;1980;1971-1980;1950-1980;60;60;270;210;5;0;4;1;15;15
181;Muu kolme või enama korteriga elamu;11222;Lääne-Viru maakond; Rakvere linn; Rakvere linn;1988;1981-1990;>1980;50;50;230;180;5;0;4;1;16,5;16,5
183;Muu kolme või enama korteriga elamu;11222;Tartu maakond; Tartu linn; Haage küla;1984;1981-1990;>1980;36;40;161;125;3;0;4;1;11,5;11,5
190;Muu kolme või enama korteriga elamu;11222;Lääne-Viru maakond; Rakvere linn; Rakvere linn;1977;1971-1980;1950-1980;60;60;270;210;5;0;4;1;16,2;16
195;Muu kolme või enama korteriga elamu;11222;Lääne-Viru maakond; Rakvere linn; Rakvere linn;1977;1971-1980;1950-1980;60;60;271;211;5;0;4;1;15,6;15,5
225;Muu kolme või enama korteriga elamu;11222;Viljandi maakond; Viljandi linn; Viljandi linn;1978;1971-1980;1950-1980;60;60;270;210;5;0;4;1;16;16
227;Muu kolme või enama korteriga elamu;11222;Viljandi maakond; Viljandi linn; Viljandi linn;1980;1971-1980;1950-1980;60;60;270;210;5;0;4;1;16;16
229;Muu kolme või enama korteriga elamu;11222;Lääne-Viru maakond; Rakvere linn; Rakvere linn;1981;1981-1990;>1980;60;60;270;210;5;0;4;1;15,9;16
249;Muu kolme või enama korteriga elamu;11222;Lääne-Viru maakond; Rakvere linn; Rakvere linn;1982;1981-1990;>1980;60;60;270;210;5;0;4;1;16,6;16,5
259;Muu kolme või enama korteriga elamu;11222;Lääne-Viru maakond; Viru-Nigula vald; Kunda linn;1981;1981-1990;>1980;60;60;270;210;5;0;4;1;16,2;16
287;Muu kolme või enama korteriga elamu;11222;Lääne-Viru maakond; Rakvere linn; Rakvere linn;1984;1981-1990;>1980;60;60;270;210;5;0;4;1;16;16
289;Muu kolme või enama korteriga elamu;11222;Lääne-Viru maakond; Rakvere linn; Rakvere linn;1983;1981-1990;>1980;60;60;270;210;5;0;4;1;16,1;16
306;Muu kolme või enama korteriga elamu;11222;Lääne-Viru maakond; Vinni vald; Vinni alevik;1977;1971-1980;1950-1980;60;60;269;209;5;0;4;1;16,2;16
310;Muu kolme või enama korteriga elamu;11222;Lääne-Viru maakond; Rakvere linn; Rakvere linn;1981;1981-1990;>1980;60;60;270;210;5;0;4;1;16,5;16,5
318;Muu kolme või enama korteriga elamu;11222;Lääne-Viru maakond; Rakvere linn; Rakvere linn;1992;1991-2000;>1980;30;30;137;107;3;0;4;1;11,9;12
319;Muu kolme või enama korteriga elamu;11222;Lääne-Viru maakond; Rakvere linn; Rakvere linn;1985;1981-1990;>1980;60;60;270;210;5;0;4;1;16;16
374;Muu kolme või enama korteriga elamu;11222;Järva maakond; Paide linn; Paide linn;1984;1981-1990;>1980;60;60;270;210;5;0;4;1;16,7;16,5
TP18;Muu kolme või enama korteriga elamu;11222;Lääne-Viru maakond; Rakvere linn; Rakvere linn;1988 (2019);1981-1990;>1980;60;60;240;180;5;0;4;0;17,2;17
26;Muu kolme või enama korteriga elamu;11222;Lääne-Viru maakond; Rakvere linn; Rakvere linn;1992;1991-2000;>1980;65;70;290;225;5;0;5;1;15,8;16
278;Muu kolme või enama korteriga elamu;11222;Põlva maakond; Põlva vald; Põlva linn;1984;1981-1990;>1980;75;80;340;265;5;0;5;1;16;16
300;Muu kolme või enama korteriga elamu;11222;Põlva maakond; Põlva vald; Põlva linn;1986;1981-1990;>1980;75;80;340;265;5;0;5;1;16,2;16
314;Muu kolme või enama korteriga elamu;11222;Lääne-Viru maakond; Tapa vald; Tapa linn;1972;1971-1980;1950-1980;60;60;240;180;5;0;5;1;15,4;15,5
TP19;Muu kolme või enama korteriga elamu;11222;Lääne-Viru maakond; Rakvere linn; Rakvere linn;1986 (2019);1981-1990;>1980;75;80;300;225;5;0;5;0;17,0;17
205;Muu kolme või enama korteriga elamu;11222;Põlva maakond; Põlva vald; Põlva linn;1976;1971-1980;1950-1980;90;90;410;320;5;0;6;1;16;16
330;Muu kolme või enama korteriga elamu;11222;Saare maakond; Saaremaa vald; Kuressaare linn;1963;1961-1970;1950-1980;24;20;90;66;3;0;2;1;12,3;12,5
237;Muu kolme või enama korteriga elamu;12132;Lääne-Viru maakond; Kadrina vald; Kadrina alevik;1983;1981-1990;>1980;95;100;471;376;5;0;8;1;16,9;17
217;Muu kolme või enama korteriga elamu;11222;Põlva maakond; Põlva vald; Põlva linn;1976;1971-1980;1950-1980;18;20;87;69;3;0;3;1;10;10
373;Muu kolme või enama korteriga elamu;11222;Harju maakond; Harku vald; Türisalu küla;1979;1971-1980;1950-1980;13;10;61;48;3;0;2;1;12,5;12,5
TP13;Muu kolme või enama korteriga elamu;11222;Harju maakond; Rae vald; Jüri alevik;1974;1971-1980;1950-1980;18;20;72;54;3;0;2;0;10,5;10,5
369;Muu kolme või enama korteriga elamu;11222;Harju maakond; Tallinn; Nõmme linnaosa;1963;1961-1970;1950-1980;48;50;204;156;4;0;3;1;14,7;14,5
211;Muu kolme või enama korteriga elamu;12431;Harju maakond; Tallinn; Lasnamäe linnaosa;1960;1951-1960;1950-1980;24;20;102;78;4;0;1;1;11;11
320;Muu kolme või enama korteriga elamu;11222;Ida-Viru maakond; Lüganuse vald; Lüganuse alevik;1981;1981-1990;>1980;12;10;58;46;2;0;3;1;10;10
131;Muu kolme või enama korteriga elamu;11222;Pärnu maakond; Põhja-Pärnumaa vald; Vändra alev;1987;1981-1990;>1980;18;20;87;69;3;0;3;1;10;10
17;Muu kolme või enama korteriga elamu;11222;Tartu maakond; Tartu vald; Äksi alevik;1979;1971-1980;1950-1980;18;20;87;69;3;0;3;1;12,6;12,5
47;Muu kolme või enama korteriga elamu;12339;Tartu maakond; Tartu linn; Tartu linn;1968;1961-1970;1950-1980;53;50;173;120;5;0;4;1;17,2;17
30;Muu kolme või enama korteriga elamu;11222;Tartu maakond; Elva vald; Elva linn;1977;1971-1980;1950-1980;18;20;87;69;3;0;3;1;10;10
29;Muu kolme või enama korteriga elamu;11222;Tartu maakond; Elva vald; Elva linn;1978;1971-1980;1950-1980;12;10;60;48;3;0;2;1;10;10
165;Muu kolme või enama korteriga elamu;11222;Tartu maakond; Elva vald; Rõngu alevik;1980;1971-1980;1950-1980;18;20;76;58;3;0;3;1;12,4;12,5
51;Muu kolme või enama korteriga elamu;11222;Saare maakond; Saaremaa vald; Kuressaare linn;1986;1981-1990;>1980;18;20;88;70;3;0;3;1;11;11
146;Muu kolme või enama korteriga elamu;11222;Lääne-Viru maakond; Vinni vald; Vinni alevik;1986;1981-1990;>1980;12;10;64;52;3;0;2;1;11,5;11,5
390;Muu kolme või enama korteriga elamu;11222;Lääne-Viru maakond; Vinni vald; Pajusti alevik;1975;1971-1980;1950-1980;16;20;80;64;2;0;4;1;8,5;8,5
361;Muu kolme või enama korteriga elamu;11222;Viljandi maakond; Viljandi linn; Viljandi linn;1968;1961-1970;1950-1980;18;20;72;54;3;0;2;1;10;10
;;;;;;;;;;;;;;;;;;
;;;;;;;;;;;;;;;;;;
;;;;;;;;;;;;;;;;;;
;;;;;;;;;;;;;;;;;;
;;;;;;;;;;;;;;;;;;
;;;;;;;;;;;;;;;;;;
;;;;;;;;;;;;;;;;;;
;;;;;;;;;;;;;;;;;;
;;;;;;;;;;;;;;;;;;
;;;;;;;;;;;;;;;;;;
;;;;;;;;;;;;;;;;;;
;;;;;;;;;;;;;;;;;;
;;;;;;;;;;;;;;;;;;
;;;;;;;;;;;;;;;;;;
;;;;;;;;;;;;;;;;;;
;;;;;;;;;;;;;;;;;;
;;;;;;;;;;;;;;;;;;
;;;;;;;;;;;;;;;;;;
;;;;;;;;;;;;;;;;;;
;;;;;;;;;;;;;;;;;;
;;;;;;;;;;;;;;;;;;
;;;;;;;;;;;;;;;;;;
;;;;;;;;;;;;;;;;;;
;;;;;;;;;;;;;;;;;;
;;;;;;;;;;;;;;;;;;
;;;;;;;;;;;;;;;;;;
;;;;;;;;;;;;;;;;;;
;;;;;;;;;;;;;;;;;;
;;;;;;;;;;;;;;;;;;
;;;;;;;;;;;;;;;;;;
;;;;;;;;;;;;;;;;;;
;;;;;;;;;;;;;;;;;;
;;;;;;;;;;;;;;;;;;
;;;;;;;;;;;;;;;;;;
;;;;;;;;;;;;;;;;;;
;;;;;;;;;;;;;;;;;;
;;;;;;;;;;;;;;;;;;
;;;;;;;;;;;;;;;;;;
;;;;;;;;;;;;;;;;;;
;;;;;;;;;;;;;;;;;;
;;;;;;;;;;;;;;;;;;
;;;;;;;;;;;;;;;;;;
;;;;;;;;;;;;;;;;;;
;;;;;;;;;;;;;;;;;;
;;;;;;;;;;;;;;;;;;
;;;;;;;;;;;;;;;;;;
;;;;;;;;;;;;;;;;;;
;;;;;;;;;;;;;;;;;;
;;;;;;;;;;;;;;;;;;
;;;;;;;;;;;;;;;;;;
;;;;;;;;;;;;;;;;;;
;;;;;;;;;;;;;;;;;;
;;;;;;;;;;;;;;;;;;
;;;;;;;;;;;;;;;;;;
;;;;;;;;;;;;;;;;;;
;;;;;;;;;;;;;;;;;;
;;;;;;;;;;;;;;;;;;
;;;;;;;;;;;;;;;;;;
;;;;;;;;;;;;;;;;;;
;;;;;;;;;;;;;;;;;;
;;;;;;;;;;;;;;;;;;
;;;;;;;;;;;;;;;;;;
;;;;;;;;;;;;;;;;;;
;;;;;;;;;;;;;;;;;;
;;;;;;;;;;;;;;;;;;
;;;;;;;;;;;;;;;;;;
;;;;;;;;;;;;;;;;;;
;;;;;;;;;;;;;;;;;;
;;;;;;;;;;;;;;;;;;
;;;;;;;;;;;;;;;;;;
;;;;;;;;;;;;;;;;;;
;;;;;;;;;;;;;;;;;;
;;;;;;;;;;;;;;;;;;
;;;;;;;;;;;;;;;;;;
;;;;;;;;;;;;;;;;;;
;;;;;;;;;;;;;;;;;;
;;;;;;;;;;;;;;;;;;
;;;;;;;;;;;;;;;;;;
;;;;;;;;;;;;;;;;;;
;;;;;;;;;;;;;;;;;;
;;;;;;;;;;;;;;;;;;
;;;;;;;;;;;;;;;;;;
;;;;;;;;;;;;;;;;;;
;;;;;;;;;;;;;;;;;;
;;;;;;;;;;;;;;;;;;
;;;;;;;;;;;;;;;;;;
;;;;;;;;;;;;;;;;;;
;;;;;;;;;;;;;;;;;;
;;;;;;;;;;;;;;;;;;
;;;;;;;;;;;;;;;;;;
;;;;;;;;;;;;;;;;;;
;;;;;;;;;;;;;;;;;;
;;;;;;;;;;;;;;;;;;
;;;;;;;;;;;;;;;;;;
;;;;;;;;;;;;;;;;;;
;;;;;;;;;;;;;;;;;;
;;;;;;;;;;;;;;;;;;
;;;;;;;;;;;;;;;;;;
;;;;;;;;;;;;;;;;;;